{
    "bootstrap": [true, false],
    "n_jobs": [6],
    "n_estimators": [25, 50, 75],
    "min_weight_fraction_leaf": [0.0001, 0.005, 0.001, 0.00005, 0.00001, 0.000005, 0.000001],
    "max_features": [1, 2, 3, 4],
    "learning_rate": [2, 3, 5]
}